,ds,trend,yhat_lower,yhat_upper,trend_lower,trend_upper,additive_terms,additive_terms_lower,additive_terms_upper,weekly,weekly_lower,weekly_upper,yearly,yearly_lower,yearly_upper,multiplicative_terms,multiplicative_terms_lower,multiplicative_terms_upper,yhat
0,2010-02-05,49055709.796095595,43247631.681376226,52225387.49577477,49055709.796095595,49055709.796095595,-1218858.8455792263,-1218858.8455792263,-1218858.8455792263,-1931999.758858648,-1931999.758858648,-1931999.758858648,713140.9132794217,713140.9132794217,713140.9132794217,0.0,0.0,0.0,47836850.950516365
1,2010-02-12,49054196.335537806,43962795.200420424,53310775.46560922,49054196.335537806,49054196.335537806,-509333.2993325932,-509333.2993325932,-509333.2993325932,-1931999.758858648,-1931999.758858648,-1931999.758858648,1422666.4595260548,1422666.4595260548,1422666.4595260548,0.0,0.0,0.0,48544863.03620521
2,2010-02-19,49052682.87498001,42589003.69349183,51418331.61638874,49052682.87498001,49052682.87498001,-1889508.7822321637,-1889508.7822321637,-1889508.7822321637,-1931999.758858648,-1931999.758858648,-1931999.758858648,42490.97662648421,42490.97662648421,42490.97662648421,0.0,0.0,0.0,47163174.092747845
3,2010-02-26,49051169.41442222,41489948.12022174,50319187.5879912,49051169.41442222,49051169.41442222,-3103054.907615736,-3103054.907615736,-3103054.907615736,-1931999.758858648,-1931999.758858648,-1931999.758858648,-1171055.1487570885,-1171055.1487570885,-1171055.1487570885,0.0,0.0,0.0,45948114.506806485
4,2010-03-05,49049655.95386443,41031869.36018625,50225972.46895589,49049655.95386443,49049655.95386443,-3375542.241394505,-3375542.241394505,-3375542.241394505,-1931999.7588586477,-1931999.7588586477,-1931999.7588586477,-1443542.482535857,-1443542.482535857,-1443542.482535857,0.0,0.0,0.0,45674113.71246993
5,2010-03-12,49048142.49330663,41211071.93035153,49921718.4281772,49048142.49330663,49048142.49330663,-3429814.6519183964,-3429814.6519183964,-3429814.6519183964,-1931999.758858648,-1931999.758858648,-1931999.758858648,-1497814.8930597482,-1497814.8930597482,-1497814.8930597482,0.0,0.0,0.0,45618327.84138823
6,2010-03-19,49046629.037748136,41187257.06634371,49649204.544434175,49046629.037748136,49046629.037748136,-3778397.5054223216,-3778397.5054223216,-3778397.5054223216,-1931999.7588586477,-1931999.7588586477,-1931999.7588586477,-1846397.7465636733,-1846397.7465636733,-1846397.7465636733,0.0,0.0,0.0,45268231.53232581
7,2010-03-26,49045115.58218963,40979943.941792615,49603786.165035345,49045115.58218963,49045115.58218963,-3898190.6127638263,-3898190.6127638263,-3898190.6127638263,-1931999.758858648,-1931999.758858648,-1931999.758858648,-1966190.8539051786,-1966190.8539051786,-1966190.8539051786,0.0,0.0,0.0,45146924.9694258
8,2010-04-02,49043602.12663112,41454124.54569451,50218220.24462741,49043602.12663112,49043602.12663112,-3215582.060783044,-3215582.060783044,-3215582.060783044,-1931999.758858648,-1931999.758858648,-1931999.758858648,-1283582.3019243965,-1283582.3019243965,-1283582.3019243965,0.0,0.0,0.0,45828020.065848075
9,2010-04-09,49042088.67107261,42338643.288875304,51495651.753428906,49042088.67107261,49042088.67107261,-2250325.1338136485,-2250325.1338136485,-2250325.1338136485,-1931999.758858648,-1931999.758858648,-1931999.758858648,-318325.3749550004,-318325.3749550004,-318325.3749550004,0.0,0.0,0.0,46791763.53725896
10,2010-04-16,49040575.212900236,42409218.02409389,51400874.719823815,49040575.212900236,49040575.212900236,-2169017.8296790277,-2169017.8296790277,-2169017.8296790277,-1931999.7588586484,-1931999.7588586484,-1931999.7588586484,-237018.07082037954,-237018.07082037954,-237018.07082037954,0.0,0.0,0.0,46871557.38322121
11,2010-04-23,49039061.75472786,41215816.26728142,50242829.90584457,49039061.75472786,49039061.75472786,-3277937.7729511973,-3277937.7729511973,-3277937.7729511973,-1931999.7588586477,-1931999.7588586477,-1931999.7588586477,-1345938.0140925492,-1345938.0140925492,-1345938.0140925492,0.0,0.0,0.0,45761123.98177666
12,2010-04-30,49037548.29655548,39944622.690273814,49025204.37415774,49037548.29655548,49037548.29655548,-4480353.7870293455,-4480353.7870293455,-4480353.7870293455,-1931999.758858648,-1931999.758858648,-1931999.758858648,-2548354.0281706974,-2548354.0281706974,-2548354.0281706974,0.0,0.0,0.0,44557194.50952613
13,2010-05-07,49036034.838383116,40207856.845555,48973394.66630774,49036034.838383116,49036034.838383116,-4483375.311819581,-4483375.311819581,-4483375.311819581,-1931999.7588586477,-1931999.7588586477,-1931999.7588586477,-2551375.5529609337,-2551375.5529609337,-2551375.5529609337,0.0,0.0,0.0,44552659.52656353
14,2010-05-14,49034521.38021075,41117928.68597875,50189574.30604541,49034521.38021075,49034521.38021075,-3266740.712700847,-3266740.712700847,-3266740.712700847,-1931999.7588586477,-1931999.7588586477,-1931999.7588586477,-1334740.9538421996,-1334740.9538421996,-1334740.9538421996,0.0,0.0,0.0,45767780.667509906
15,2010-05-21,49033007.94658429,42457632.87925445,51691161.26774194,49033007.94658429,49033007.94658429,-2004441.0622331682,-2004441.0622331682,-2004441.0622331682,-1931999.758858648,-1931999.758858648,-1931999.758858648,-72441.30337452011,-72441.30337452011,-72441.30337452011,0.0,0.0,0.0,47028566.88435113
16,2010-05-28,49031494.51295784,42756433.97031965,51845921.33019645,49031494.51295784,49031494.51295784,-1618718.0722874235,-1618718.0722874235,-1618718.0722874235,-1931999.7588586477,-1931999.7588586477,-1931999.7588586477,313281.6865712244,313281.6865712244,313281.6865712244,0.0,0.0,0.0,47412776.440670416
17,2010-06-04,49029981.0793314,42986321.417986594,51695218.76203458,49029981.0793314,49029981.0793314,-1822114.39537388,-1822114.39537388,-1822114.39537388,-1931999.758858648,-1931999.758858648,-1931999.758858648,109885.36348476792,109885.36348476792,109885.36348476792,0.0,0.0,0.0,47207866.68395752
18,2010-06-11,49028467.64570494,43057344.72007364,51510348.34890841,49028467.64570494,49028467.64570494,-1755232.0466019993,-1755232.0466019993,-1755232.0466019993,-1931999.758858648,-1931999.758858648,-1931999.758858648,176767.71225664858,176767.71225664858,176767.71225664858,0.0,0.0,0.0,47273235.599102944
19,2010-06-18,49026954.2253951,43262504.277746454,52051846.12502664,49026954.2253951,49026954.2253951,-1241264.4075961863,-1241264.4075961863,-1241264.4075961863,-1931999.758858648,-1931999.758858648,-1931999.758858648,690735.3512624617,690735.3512624617,690735.3512624617,0.0,0.0,0.0,47785689.81779891
20,2010-06-25,49025440.80508526,43886218.99617153,52577774.50145225,49025440.80508526,49025440.80508526,-990882.2612146577,-990882.2612146577,-990882.2612146577,-1931999.758858648,-1931999.758858648,-1931999.758858648,941117.4976439902,941117.4976439902,941117.4976439902,0.0,0.0,0.0,48034558.5438706
21,2010-07-02,49023927.38477541,43162537.49121827,51687177.399006985,49023927.38477541,49023927.38477541,-1587514.5170492926,-1587514.5170492926,-1587514.5170492926,-1931999.7588586477,-1931999.7588586477,-1931999.7588586477,344485.2418093554,344485.2418093554,344485.2418093554,0.0,0.0,0.0,47436412.86772612
22,2010-07-09,49022413.964465566,42205306.24679539,50420438.967978,49022413.964465566,49022413.964465566,-2682683.6347802025,-2682683.6347802025,-2682683.6347802025,-1931999.7588586484,-1931999.7588586484,-1931999.7588586484,-750683.875921555,-750683.875921555,-750683.875921555,0.0,0.0,0.0,46339730.32968536
23,2010-07-16,49020900.54415573,40867482.107605375,50147668.979908265,49020900.54415573,49020900.54415573,-3442451.612581718,-3442451.612581718,-3442451.612581718,-1931999.7588586477,-1931999.7588586477,-1931999.7588586477,-1510451.8537230697,-1510451.8537230697,-1510451.8537230697,0.0,0.0,0.0,45578448.93157402
24,2010-07-23,49019387.12880847,41041045.69092929,49908771.502791554,49019387.12880847,49019387.12880847,-3550554.9151007365,-3550554.9151007365,-3550554.9151007365,-1931999.758858648,-1931999.758858648,-1931999.758858648,-1618555.1562420893,-1618555.1562420893,-1618555.1562420893,0.0,0.0,0.0,45468832.21370773
25,2010-07-30,49017873.713461205,41320435.6250048,50019163.69679488,49017873.713461205,49017873.713461205,-3391159.5968493847,-3391159.5968493847,-3391159.5968493847,-1931999.758858648,-1931999.758858648,-1931999.758858648,-1459159.8379907366,-1459159.8379907366,-1459159.8379907366,0.0,0.0,0.0,45626714.11661182
26,2010-08-06,49016360.298113935,41234565.03592863,50035548.00863072,49016360.298113935,49016360.298113935,-3277683.9416056518,-3277683.9416056518,-3277683.9416056518,-1931999.758858648,-1931999.758858648,-1931999.758858648,-1345684.182747004,-1345684.182747004,-1345684.182747004,0.0,0.0,0.0,45738676.356508285
27,2010-08-13,49014846.88276667,41505010.80619831,50320940.85398431,49014846.88276667,49014846.88276667,-2966616.05095566,-2966616.05095566,-2966616.05095566,-1931999.758858648,-1931999.758858648,-1931999.758858648,-1034616.2920970124,-1034616.2920970124,-1034616.2920970124,0.0,0.0,0.0,46048230.83181101
28,2010-08-20,49013333.5003462,42414206.03551669,51134425.189739086,49013333.5003462,49013333.5003462,-2241246.1781539554,-2241246.1781539554,-2241246.1781539554,-1931999.758858648,-1931999.758858648,-1931999.758858648,-309246.4192953075,-309246.4192953075,-309246.4192953075,0.0,0.0,0.0,46772087.322192244
29,2010-08-27,49011820.11792572,42986444.47488661,51861960.50593776,49011820.11792572,49011820.11792572,-1689909.3715725609,-1689909.3715725609,-1689909.3715725609,-1931999.758858648,-1931999.758858648,-1931999.758858648,242090.387286087,242090.387286087,242090.387286087,0.0,0.0,0.0,47321910.74635316
30,2010-09-03,49010306.73550524,42623474.59542744,51362826.74180183,49010306.73550524,49010306.73550524,-2328435.8799460633,-2328435.8799460633,-2328435.8799460633,-1931999.758858648,-1931999.758858648,-1931999.758858648,-396436.12108741567,-396436.12108741567,-396436.12108741567,0.0,0.0,0.0,46681870.85555918
31,2010-09-10,49008793.353084765,40636051.92867041,49001378.76544128,49008793.353084765,49008793.353084765,-4267200.360615254,-4267200.360615254,-4267200.360615254,-1931999.758858648,-1931999.758858648,-1931999.758858648,-2335200.601756606,-2335200.601756606,-2335200.601756606,0.0,0.0,0.0,44741592.99246951
32,2010-09-17,49007279.97066428,38378333.115052216,47190203.48005932,49007279.97066428,49007279.97066428,-6166631.739389416,-6166631.739389416,-6166631.739389416,-1931999.758858648,-1931999.758858648,-1931999.758858648,-4234631.980530768,-4234631.980530768,-4234631.980530768,0.0,0.0,0.0,42840648.23127486
33,2010-09-24,49005766.88374953,38297070.077914566,46922786.67329949,49005766.88374953,49005766.88374953,-6492727.929813431,-6492727.929813431,-6492727.929813431,-1931999.758858648,-1931999.758858648,-1931999.758858648,-4560728.1709547825,-4560728.1709547825,-4560728.1709547825,0.0,0.0,0.0,42513038.9539361
34,2010-10-01,49004253.79683478,39152354.96285945,48152707.39194137,49004253.79683478,49004253.79683478,-5265586.197771503,-5265586.197771503,-5265586.197771503,-1931999.758858648,-1931999.758858648,-1931999.758858648,-3333586.438912855,-3333586.438912855,-3333586.438912855,0.0,0.0,0.0,43738667.59906328
35,2010-10-08,49002740.70992003,40312411.02496021,48988906.07074399,49002740.70992003,49002740.70992003,-4099423.5295055853,-4099423.5295055853,-4099423.5295055853,-1931999.758858648,-1931999.758858648,-1931999.758858648,-2167423.770646937,-2167423.770646937,-2167423.770646937,0.0,0.0,0.0,44903317.18041444
36,2010-10-15,49001227.623005286,40262810.46961103,48780418.15806552,49001227.623005286,49001227.623005286,-4283114.458572131,-4283114.458572131,-4283114.458572131,-1931999.758858648,-1931999.758858648,-1931999.758858648,-2351114.699713483,-2351114.699713483,-2351114.699713483,0.0,0.0,0.0,44718113.16443315
37,2010-10-22,48999749.18837402,39325383.7618913,48084273.01385558,48999749.18837402,48999749.18837402,-5163788.096470759,-5163788.096470759,-5163788.096470759,-1931999.758858648,-1931999.758858648,-1931999.758858648,-3231788.3376121107,-3231788.3376121107,-3231788.3376121107,0.0,0.0,0.0,43835961.09190326
38,2010-10-29,48998270.75374276,39435365.298979916,48351734.46978784,48998270.75374276,48998270.75374276,-4893351.205101081,-4893351.205101081,-4893351.205101081,-1931999.758858648,-1931999.758858648,-1931999.758858648,-2961351.446242433,-2961351.446242433,-2961351.446242433,0.0,0.0,0.0,44104919.54864168
39,2010-11-05,48996792.31911149,41594142.112658076,50671442.549492404,48996792.31911149,48996792.31911149,-2695298.1264173836,-2695298.1264173836,-2695298.1264173836,-1931999.7588586484,-1931999.7588586484,-1931999.7588586484,-763298.3675587355,-763298.3675587355,-763298.3675587355,0.0,0.0,0.0,46301494.192694105
40,2010-11-12,48995313.88448022,44667365.16568852,53660410.31144579,48995313.88448022,48995313.88448022,208337.40740356458,208337.40740356458,208337.40740356458,-1931999.758858648,-1931999.758858648,-1931999.758858648,2140337.1662622127,2140337.1662622127,2140337.1662622127,0.0,0.0,0.0,49203651.29188379
41,2010-11-19,48993835.449848965,46321460.64259223,55330442.86820117,48993835.449848965,48993835.449848965,2280715.553448497,2280715.553448497,2280715.553448497,-1931999.758858648,-1931999.758858648,-1931999.758858648,4212715.3123071445,4212715.3123071445,4212715.3123071445,0.0,0.0,0.0,51274551.00329746
42,2010-11-26,48994171.74075542,48633218.51037986,57309239.88422283,48994171.74075542,48994171.74075542,3834260.0522524384,3834260.0522524384,3834260.0522524384,-1931999.758858648,-1931999.758858648,-1931999.758858648,5766259.811111086,5766259.811111086,5766259.811111086,0.0,0.0,0.0,52828431.79300786
43,2010-12-03,48994508.03166187,51314188.48669313,59908761.760528676,48994508.03166187,48994508.03166187,6664421.048259354,6664421.048259354,6664421.048259354,-1931999.758858648,-1931999.758858648,-1931999.758858648,8596420.807118002,8596420.807118002,8596420.807118002,0.0,0.0,0.0,55658929.07992122
44,2010-12-10,48994844.32256832,55892884.826585464,64567251.03656981,48994844.32256832,48994844.32256832,11205072.101031011,11205072.101031011,11205072.101031011,-1931999.758858648,-1931999.758858648,-1931999.758858648,13137071.859889662,13137071.859889662,13137071.859889662,0.0,0.0,0.0,60199916.42359933
45,2010-12-17,48995180.61347478,59192687.482419714,68092114.25032754,48995180.61347478,48995180.61347478,14673244.17859212,14673244.17859212,14673244.17859212,-1931999.7588586477,-1931999.7588586477,-1931999.7588586477,16605243.937450767,16605243.937450767,16605243.937450767,0.0,0.0,0.0,63668424.7920669
46,2010-12-24,48997259.5039173,57733761.68511113,66113171.224385835,48997259.5039173,48997259.5039173,13031955.267344212,13031955.267344212,13031955.267344212,-1931999.7588586477,-1931999.7588586477,-1931999.7588586477,14963955.02620286,14963955.02620286,14963955.02620286,0.0,0.0,0.0,62029214.77126151
47,2010-12-31,48999338.39435983,49807184.41448737,58962761.61758368,48999338.39435983,48999338.39435983,5236252.85921677,5236252.85921677,5236252.85921677,-1931999.7588586484,-1931999.7588586484,-1931999.7588586484,7168252.618075418,7168252.618075418,7168252.618075418,0.0,0.0,0.0,54235591.2535766
48,2011-01-07,49001417.284802355,39907359.44635976,48777678.32721918,49001417.284802355,49001417.284802355,-4826812.175705155,-4826812.175705155,-4826812.175705155,-1931999.758858648,-1931999.758858648,-1931999.758858648,-2894812.416846507,-2894812.416846507,-2894812.416846507,0.0,0.0,0.0,44174605.1090972
49,2011-01-14,49003496.175244875,33220516.388618805,42144317.80566207,49003496.175244875,49003496.175244875,-11204054.20578717,-11204054.20578717,-11204054.20578717,-1931999.758858648,-1931999.758858648,-1931999.758858648,-9272054.446928522,-9272054.446928522,-9272054.446928522,0.0,0.0,0.0,37799441.9694577
50,2011-01-21,49005575.065687396,33792507.74490476,42480900.45528707,49005575.065687396,49005575.065687396,-10919656.150081651,-10919656.150081651,-10919656.150081651,-1931999.758858648,-1931999.758858648,-1931999.758858648,-8987656.391223006,-8987656.391223006,-8987656.391223006,0.0,0.0,0.0,38085918.915605746
51,2011-01-28,49010674.52240617,38355527.58686691,47425628.291197345,49010674.52240617,49010674.52240617,-6171236.224885569,-6171236.224885569,-6171236.224885569,-1931999.7588586477,-1931999.7588586477,-1931999.7588586477,-4239236.466026922,-4239236.466026922,-4239236.466026922,0.0,0.0,0.0,42839438.2975206
52,2011-02-04,49015773.97912494,42844662.88914144,51602498.468075566,49015773.97912494,49015773.97912494,-1705865.5797107657,-1705865.5797107657,-1705865.5797107657,-1931999.758858648,-1931999.758858648,-1931999.758858648,226134.17914788247,226134.17914788247,226134.17914788247,0.0,0.0,0.0,47309908.399414174
53,2011-02-11,49020873.43584371,43855095.1969157,53204846.34617436,49020873.43584371,49020873.43584371,-415193.53025078215,-415193.53025078215,-415193.53025078215,-1931999.758858648,-1931999.758858648,-1931999.758858648,1516806.2286078657,1516806.2286078657,1516806.2286078657,0.0,0.0,0.0,48605679.90559293
54,2011-02-18,49025972.892562486,43152442.67706173,51902242.84893956,49025972.892562486,49025972.892562486,-1600580.011962734,-1600580.011962734,-1600580.011962734,-1931999.758858648,-1931999.758858648,-1931999.758858648,331419.74689591397,331419.74689591397,331419.74689591397,0.0,0.0,0.0,47425392.88059975
55,2011-02-25,49034666.868688256,41632112.55398588,50880070.94100214,49034666.868688256,49034666.868688256,-2960256.4131199084,-2960256.4131199084,-2960256.4131199084,-1931999.7588586477,-1931999.7588586477,-1931999.7588586477,-1028256.6542612611,-1028256.6542612611,-1028256.6542612611,0.0,0.0,0.0,46074410.45556834
56,2011-03-04,49043360.844814025,41296179.15772698,50032653.85985239,49043360.844814025,49043360.844814025,-3371381.949225265,-3371381.949225265,-3371381.949225265,-1931999.7588586477,-1931999.7588586477,-1931999.7588586477,-1439382.1903666172,-1439382.1903666172,-1439382.1903666172,0.0,0.0,0.0,45671978.89558876
57,2011-03-11,49052054.820939794,41428158.03412729,50289273.40164865,49052054.820939794,49052054.820939794,-3398879.400468052,-3398879.400468052,-3398879.400468052,-1931999.758858648,-1931999.758858648,-1931999.758858648,-1466879.6416094038,-1466879.6416094038,-1466879.6416094038,0.0,0.0,0.0,45653175.42047174
58,2011-03-18,49060748.79706557,40931907.97086103,49862101.66217931,49060748.79706557,49060748.79706557,-3708117.9447558867,-3708117.9447558867,-3708117.9447558867,-1931999.7588586477,-1931999.7588586477,-1931999.7588586477,-1776118.185897239,-1776118.185897239,-1776118.185897239,0.0,0.0,0.0,45352630.85230968
59,2011-03-25,49069442.77319134,41037292.82332787,49861439.007905185,49069442.77319134,49069442.77319134,-3930084.441554801,-3930084.441554801,-3930084.441554801,-1931999.758858648,-1931999.758858648,-1931999.758858648,-1998084.682696153,-1998084.682696153,-1998084.682696153,0.0,0.0,0.0,45139358.33163654
60,2011-04-01,49081452.356820315,41140706.35392989,50117607.62518393,49081452.356820315,49081452.356820315,-3389272.823584331,-3389272.823584331,-3389272.823584331,-1931999.7588586477,-1931999.7588586477,-1931999.7588586477,-1457273.064725683,-1457273.064725683,-1457273.064725683,0.0,0.0,0.0,45692179.53323598
61,2011-04-08,49093461.94044929,42413256.1592977,51646994.82363953,49093461.94044929,49093461.94044929,-2388696.52652256,-2388696.52652256,-2388696.52652256,-1931999.7588586477,-1931999.7588586477,-1931999.7588586477,-456696.767663912,-456696.767663912,-456696.767663912,0.0,0.0,0.0,46704765.41392673
62,2011-04-15,49105471.52407826,42552281.31947468,51527735.7992591,49105471.52407826,49105471.52407826,-2084524.9057262936,-2084524.9057262936,-2084524.9057262936,-1931999.758858648,-1931999.758858648,-1931999.758858648,-152525.14686764593,-152525.14686764593,-152525.14686764593,0.0,0.0,0.0,47020946.618351966
63,2011-04-22,49117481.10770723,41985877.85647447,50703351.55163191,49117481.10770723,49117481.10770723,-3028456.418603612,-3028456.418603612,-3028456.418603612,-1931999.7588586477,-1931999.7588586477,-1931999.7588586477,-1096456.6597449642,-1096456.6597449642,-1096456.6597449642,0.0,0.0,0.0,46089024.68910362
64,2011-04-29,49130239.76446115,40575833.25048804,49436449.09058082,49130239.76446115,49130239.76446115,-4327367.883036588,-4327367.883036588,-4327367.883036588,-1931999.758858648,-1931999.758858648,-1931999.758858648,-2395368.1241779407,-2395368.1241779407,-2395368.1241779407,0.0,0.0,0.0,44802871.88142456
65,2011-05-06,49142998.42121509,40303013.00807442,49032013.53060472,49142998.42121509,49142998.42121509,-4593216.550655171,-4593216.550655171,-4593216.550655171,-1931999.7588586477,-1931999.7588586477,-1931999.7588586477,-2661216.791796523,-2661216.791796523,-2661216.791796523,0.0,0.0,0.0,44549781.870559916
66,2011-05-13,49155757.07796901,41291872.50541895,50164293.26426461,49155757.07796901,49155757.07796901,-3527381.9284959016,-3527381.9284959016,-3527381.9284959016,-1931999.758858648,-1931999.758858648,-1931999.758858648,-1595382.1696372542,-1595382.1696372542,-1595382.1696372542,0.0,0.0,0.0,45628375.14947311
67,2011-05-20,49168515.73472293,42527485.62145749,51705381.07771457,49168515.73472293,49168515.73472293,-2177578.0285857664,-2177578.0285857664,-2177578.0285857664,-1931999.758858648,-1931999.758858648,-1931999.758858648,-245578.26972711858,-245578.26972711858,-245578.26972711858,0.0,0.0,0.0,46990937.70613716
68,2011-05-27,49181274.39147684,43230825.26683241,51332451.002592154,49181274.39147684,49181274.39147684,-1621009.3761095698,-1621009.3761095698,-1621009.3761095698,-1931999.7588586477,-1931999.7588586477,-1931999.7588586477,310990.38274907833,310990.38274907833,310990.38274907833,0.0,0.0,0.0,47560265.01536727
69,2011-06-03,49194193.89177917,43047090.62641543,51929501.06246073,49194193.89177917,49194193.89177917,-1783850.1238330246,-1783850.1238330246,-1783850.1238330246,-1931999.758858648,-1931999.758858648,-1931999.758858648,148149.63502562323,148149.63502562323,148149.63502562323,0.0,0.0,0.0,47410343.76794615
70,2011-06-10,49207113.39208149,42933899.5226516,52111132.961509325,49207113.39208149,49207113.39208149,-1809712.6529862885,-1809712.6529862885,-1809712.6529862885,-1931999.7588586477,-1931999.7588586477,-1931999.7588586477,122287.1058723591,122287.1058723591,122287.1058723591,0.0,0.0,0.0,47397400.7390952
71,2011-06-17,49220032.89238382,43662490.72521723,52200235.8576912,49220032.89238382,49220032.89238382,-1339930.0125468972,-1339930.0125468972,-1339930.0125468972,-1931999.7588586477,-1931999.7588586477,-1931999.7588586477,592069.7463117507,592069.7463117507,592069.7463117507,0.0,0.0,0.0,47880102.879836924
72,2011-06-24,49232952.39268614,43736987.49486107,52730004.35780536,49232952.39268614,49232952.39268614,-979614.9251694423,-979614.9251694423,-979614.9251694423,-1931999.7588586477,-1931999.7588586477,-1931999.7588586477,952384.8336892057,952384.8336892057,952384.8336892057,0.0,0.0,0.0,48253337.4675167
73,2011-07-01,49245925.807445414,43413548.712778084,52176751.88179423,49245925.807445414,49245925.807445414,-1422118.5149100781,-1422118.5149100781,-1422118.5149100781,-1931999.7588586477,-1931999.7588586477,-1931999.7588586477,509881.24394856987,509881.24394856987,509881.24394856987,0.0,0.0,0.0,47823807.292535335
74,2011-07-08,49258899.22220469,42004909.97748881,51226362.47722533,49258899.22220469,49258899.22220469,-2489578.230564842,-2489578.230564842,-2489578.230564842,-1931999.758858648,-1931999.758858648,-1931999.758858648,-557578.471706194,-557578.471706194,-557578.471706194,0.0,0.0,0.0,46769320.99163985
75,2011-07-15,49271872.63696397,41649033.38441594,50480831.418295935,49271872.63696397,49271872.63696397,-3357132.4896651027,-3357132.4896651027,-3357132.4896651027,-1931999.7588586477,-1931999.7588586477,-1931999.7588586477,-1425132.7308064555,-1425132.7308064555,-1425132.7308064555,0.0,0.0,0.0,45914740.147298865
76,2011-07-22,49284846.05172325,41212888.118143104,50097822.45480666,49284846.05172325,49284846.05172325,-3566511.281246374,-3566511.281246374,-3566511.281246374,-1931999.758858648,-1931999.758858648,-1931999.758858648,-1634511.522387726,-1634511.522387726,-1634511.522387726,0.0,0.0,0.0,45718334.77047688
77,2011-07-29,49297819.46648253,41607497.73895412,50318182.02941569,49297819.46648253,49297819.46648253,-3417903.3485630383,-3417903.3485630383,-3417903.3485630383,-1931999.7588586477,-1931999.7588586477,-1931999.7588586477,-1485903.5897043901,-1485903.5897043901,-1485903.5897043901,0.0,0.0,0.0,45879916.11791949
78,2011-08-05,49310842.20619388,41677780.561065406,50579608.56738433,49310842.20619388,49310842.20619388,-3299943.276486243,-3299943.276486243,-3299943.276486243,-1931999.758858648,-1931999.758858648,-1931999.758858648,-1367943.5176275952,-1367943.5176275952,-1367943.5176275952,0.0,0.0,0.0,46010898.92970764
79,2011-08-12,49323864.94590524,41665115.52289808,50497515.46761902,49323864.94590524,49323864.94590524,-3054352.5656061154,-3054352.5656061154,-3054352.5656061154,-1931999.758858648,-1931999.758858648,-1931999.758858648,-1122352.8067474677,-1122352.8067474677,-1122352.8067474677,0.0,0.0,0.0,46269512.38029912
80,2011-08-19,49336887.685616605,42578329.276242755,51477593.801646784,49336887.685616605,49336887.685616605,-2386854.2541561495,-2386854.2541561495,-2386854.2541561495,-1931999.758858648,-1931999.758858648,-1931999.758858648,-454854.4952975016,-454854.4952975016,-454854.4952975016,0.0,0.0,0.0,46950033.431460455
81,2011-08-26,49349910.42532798,43754638.902500466,52341351.345661975,49349910.42532798,49349910.42532798,-1726448.9520365468,-1726448.9520365468,-1726448.9520365468,-1931999.758858648,-1931999.758858648,-1931999.758858648,205550.80682210118,205550.80682210118,205550.80682210118,0.0,0.0,0.0,47623461.473291434
82,2011-09-02,49362933.188202694,42933538.88425435,51659612.318722256,49362933.188202694,49362933.188202694,-2101445.4989037775,-2101445.4989037775,-2101445.4989037775,-1931999.758858648,-1931999.758858648,-1931999.758858648,-169445.74004512953,-169445.74004512953,-169445.74004512953,0.0,0.0,0.0,47261487.68929891
83,2011-09-09,49375955.95107742,40797784.15474692,49856932.66233891,49375955.95107742,49375955.95107742,-3871312.4861274883,-3871312.4861274883,-3871312.4861274883,-1931999.7588586484,-1931999.7588586484,-1931999.7588586484,-1939312.7272688404,-1939312.7272688404,-1939312.7272688404,0.0,0.0,0.0,45504643.46494993
84,2011-09-16,49388978.71395214,39215090.523807265,48225759.43542789,49388978.71395214,49388978.71395214,-5911390.825890518,-5911390.825890518,-5911390.825890518,-1931999.758858648,-1931999.758858648,-1931999.758858648,-3979391.0670318697,-3979391.0670318697,-3979391.0670318697,0.0,0.0,0.0,43477587.88806162
85,2011-09-23,49402001.47682686,38678689.68581509,47288676.558582865,49402001.47682686,49402001.47682686,-6576469.530293145,-6576469.530293145,-6576469.530293145,-1931999.758858648,-1931999.758858648,-1931999.758858648,-4644469.771434499,-4644469.771434499,-4644469.771434499,0.0,0.0,0.0,42825531.94653372
86,2011-09-30,49415024.239701584,39416343.97355295,48223691.555461034,49415024.239701584,49415024.239701584,-5536321.371696305,-5536321.371696305,-5536321.371696305,-1931999.758858648,-1931999.758858648,-1931999.758858648,-3604321.6128376587,-3604321.6128376587,-3604321.6128376587,0.0,0.0,0.0,43878702.868005276
87,2011-10-07,49428047.05313586,41194687.17227515,49475127.91663391,49428047.05313586,49428047.05313586,-4224429.529923812,-4224429.529923812,-4224429.529923812,-1931999.758858648,-1931999.758858648,-1931999.758858648,-2292429.7710651634,-2292429.7710651634,-2292429.7710651634,0.0,0.0,0.0,45203617.523212045
88,2011-10-14,49441069.86657014,40908714.68462396,50114238.69122746,49441069.86657014,49441069.86657014,-4153323.987988571,-4153323.987988571,-4153323.987988571,-1931999.758858648,-1931999.758858648,-1931999.758858648,-2221324.229129924,-2221324.229129924,-2221324.229129924,0.0,0.0,0.0,45287745.87858157
89,2011-10-21,49454092.680004425,40003833.34577338,48836945.88912638,49454092.680004425,49454092.680004425,-5038785.477610866,-5038785.477610866,-5038785.477610866,-1931999.758858648,-1931999.758858648,-1931999.758858648,-3106785.718752218,-3106785.718752218,-3106785.718752218,0.0,0.0,0.0,44415307.20239356
90,2011-10-28,49467115.4934387,39946134.37059579,49065863.051248305,49467115.4934387,49467115.4934387,-5089093.708519394,-5089093.708519394,-5089093.708519394,-1931999.758858648,-1931999.758858648,-1931999.758858648,-3157093.9496607454,-3157093.9496607454,-3157093.9496607454,0.0,0.0,0.0,44378021.78491931
91,2011-11-04,49480138.313199095,41581857.97897387,50713028.12891648,49480138.313199095,49480138.313199095,-3194131.531381423,-3194131.531381423,-3194131.531381423,-1931999.758858648,-1931999.758858648,-1931999.758858648,-1262131.7725227748,-1262131.7725227748,-1262131.7725227748,0.0,0.0,0.0,46286006.781817675
92,2011-11-11,49493161.13295949,44742799.299581096,53607725.82000381,49493161.13295949,49493161.13295949,-277540.31020733,-277540.31020733,-277540.31020733,-1931999.758858648,-1931999.758858648,-1931999.758858648,1654459.448651318,1654459.448651318,1654459.448651318,0.0,0.0,0.0,49215620.82275216
93,2011-11-18,49506183.95271988,46963499.44557538,56051098.690427415,49506183.95271988,49506183.95271988,1988604.3788369226,1988604.3788369226,1988604.3788369226,-1931999.758858648,-1931999.758858648,-1931999.758858648,3920604.137695571,3920604.137695571,3920604.137695571,0.0,0.0,0.0,51494788.331556804
94,2011-11-25,49519206.77248028,48555457.30811727,57145696.57262813,49519206.77248028,49519206.77248028,3516000.6831740704,3516000.6831740704,3516000.6831740704,-1931999.758858648,-1931999.758858648,-1931999.758858648,5448000.442032719,5448000.442032719,5448000.442032719,0.0,0.0,0.0,53035207.45565435
95,2011-12-02,49532229.59224067,50613076.91375197,59932463.207229674,49532229.59224067,49532229.59224067,6005645.038256123,6005645.038256123,6005645.038256123,-1931999.758858648,-1931999.758858648,-1931999.758858648,7937644.797114771,7937644.797114771,7937644.797114771,0.0,0.0,0.0,55537874.63049679
96,2011-12-09,49545252.40915675,55509000.36401252,64386291.150539726,49545252.40915675,49545252.40915675,10354099.379159933,10354099.379159933,10354099.379159933,-1931999.758858648,-1931999.758858648,-1931999.758858648,12286099.138018578,12286099.138018578,12286099.138018578,0.0,0.0,0.0,59899351.78831668
97,2011-12-16,49558275.22607282,59432465.91509431,68158253.22133747,49558275.22607282,49558275.22607282,14327617.463763071,14327617.463763071,14327617.463763071,-1931999.758858648,-1931999.758858648,-1931999.758858648,16259617.222621718,16259617.222621718,16259617.222621718,0.0,0.0,0.0,63885892.68983589
98,2011-12-23,49571298.04298889,59007793.607663184,67671468.91060781,49571298.04298889,49571298.04298889,13812681.224116998,13812681.224116998,13812681.224116998,-1931999.7588586477,-1931999.7588586477,-1931999.7588586477,15744680.982975649,15744680.982975649,15744680.982975649,0.0,0.0,0.0,63383979.267105885
99,2011-12-30,49584320.85990496,51857017.656034864,61248810.54627926,49584320.85990496,49584320.85990496,6962064.80381844,6962064.80381844,6962064.80381844,-1931999.758858648,-1931999.758858648,-1931999.758858648,8894064.562677087,8894064.562677087,8894064.562677087,0.0,0.0,0.0,56546385.6637234
100,2012-01-06,49597343.68588086,41829596.63547275,50434352.491638415,49597343.68588086,49597343.68588086,-3140791.9438449824,-3140791.9438449824,-3140791.9438449824,-1931999.7588586477,-1931999.7588586477,-1931999.7588586477,-1208792.1849863343,-1208792.1849863343,-1208792.1849863343,0.0,0.0,0.0,46456551.74203588
101,2012-01-13,49610366.511856765,34617040.837814026,43322541.95610032,49610366.511856765,49610366.511856765,-10537178.371192059,-10537178.371192059,-10537178.371192059,-1931999.7588586477,-1931999.7588586477,-1931999.7588586477,-8605178.61233341,-8605178.61233341,-8605178.61233341,0.0,0.0,0.0,39073188.140664704
102,2012-01-20,49623389.337832674,33657334.79219022,42730798.27290185,49623389.337832674,49623389.337832674,-11420478.293130174,-11420478.293130174,-11420478.293130174,-1931999.7588586477,-1931999.7588586477,-1931999.7588586477,-9488478.534271527,-9488478.534271527,-9488478.534271527,0.0,0.0,0.0,38202911.0447025
103,2012-01-27,49636412.163808584,38009986.77949079,46699248.6923182,49636412.163808584,49636412.163808584,-7133285.98359338,-7133285.98359338,-7133285.98359338,-1931999.7588586477,-1931999.7588586477,-1931999.7588586477,-5201286.224734733,-5201286.224734733,-5201286.224734733,0.0,0.0,0.0,42503126.1802152
104,2012-02-03,49649434.98978449,43262500.63378826,51678234.21514663,49649434.98978449,49649434.98978449,-2304880.7880204115,-2304880.7880204115,-2304880.7880204115,-1931999.758858648,-1931999.758858648,-1931999.758858648,-372881.0291617637,-372881.0291617637,-372881.0291617637,0.0,0.0,0.0,47344554.20176408
105,2012-02-10,49662457.81109036,44952433.52446428,53586085.0538839,49662457.81109036,49662457.81109036,-404404.8323628239,-404404.8323628239,-404404.8323628239,-1931999.7588586477,-1931999.7588586477,-1931999.7588586477,1527594.926495824,1527594.926495824,1527594.926495824,0.0,0.0,0.0,49258052.978727534
106,2012-02-17,49675480.632396236,43976034.56968167,52848997.04164965,49675480.632396236,49675480.632396236,-1313171.2494141285,-1313171.2494141285,-1313171.2494141285,-1931999.758858648,-1931999.758858648,-1931999.758858648,618828.5094445194,618828.5094445194,618828.5094445194,0.0,0.0,0.0,48362309.382982105
107,2012-02-24,49688503.453702115,42727892.69707745,51709416.38382624,49688503.453702115,49688503.453702115,-2781993.90088815,-2781993.90088815,-2781993.90088815,-1931999.758858648,-1931999.758858648,-1931999.758858648,-849994.1420295022,-849994.1420295022,-849994.1420295022,0.0,0.0,0.0,46906509.55281396
108,2012-03-02,49701526.275007986,41868404.830695786,50819050.83375328,49701526.275007986,49701526.275007986,-3354972.156714222,-3354972.156714222,-3354972.156714222,-1931999.7588586477,-1931999.7588586477,-1931999.7588586477,-1422972.3978555738,-1422972.3978555738,-1422972.3978555738,0.0,0.0,0.0,46346554.11829376
109,2012-03-09,49714549.09715365,41817375.22838522,50857131.884965345,49714549.09715365,49714549.09715365,-3380417.6519374913,-3380417.6519374913,-3380417.6519374913,-1931999.758858648,-1931999.758858648,-1931999.758858648,-1448417.8930788438,-1448417.8930788438,-1448417.8930788438,0.0,0.0,0.0,46334131.44521616
110,2012-03-16,49727571.91929931,41416463.9317561,50457795.998379156,49727571.91929931,49727571.91929931,-3636077.0741803297,-3636077.0741803297,-3636077.0741803297,-1931999.7588586477,-1931999.7588586477,-1931999.7588586477,-1704077.3153216816,-1704077.3153216816,-1704077.3153216816,0.0,0.0,0.0,46091494.845118985
111,2012-03-23,49740594.741444975,41418886.80446347,50214684.91477779,49740594.741444975,49740594.741444975,-3934508.5911461166,-3934508.5911461166,-3934508.5911461166,-1931999.758858648,-1931999.758858648,-1931999.758858648,-2002508.8322874692,-2002508.8322874692,-2002508.8322874692,0.0,0.0,0.0,45806086.150298856
112,2012-03-30,49753617.56359064,41698110.24820651,50813476.91592545,49753617.56359064,49753617.56359064,-3545520.967345767,-3545520.967345767,-3545520.967345767,-1931999.7588586477,-1931999.7588586477,-1931999.7588586477,-1613521.2084871193,-1613521.2084871193,-1613521.2084871193,0.0,0.0,0.0,46208096.59624487
113,2012-04-06,49766640.38573631,42960954.37237707,51869912.156765595,49766640.38573631,49766640.38573631,-2551096.775380794,-2551096.775380794,-2551096.775380794,-1931999.758858648,-1931999.758858648,-1931999.758858648,-619097.016522146,-619097.016522146,-619097.016522146,0.0,0.0,0.0,47215543.61035551
114,2012-04-13,49779663.21588063,43368337.861707725,52128397.67853181,49779663.21588063,49779663.21588063,-2044323.9579256075,-2044323.9579256075,-2044323.9579256075,-1931999.758858648,-1931999.758858648,-1931999.758858648,-112324.19906695969,-112324.19906695969,-112324.19906695969,0.0,0.0,0.0,47735339.25795502
115,2012-04-20,49792686.04602496,42478225.12632852,51018550.467464566,49792686.04602496,49792686.04602496,-2791840.1363659403,-2791840.1363659403,-2791840.1363659403,-1931999.758858648,-1931999.758858648,-1931999.758858648,-859840.3775072921,-859840.3775072921,-859840.3775072921,0.0,0.0,0.0,47000845.90965902
116,2012-04-27,49805708.87616929,41116326.26986977,49935008.77148554,49805708.87616929,49805708.87616929,-4138062.41017959,-4138062.41017959,-4138062.41017959,-1931999.758858648,-1931999.758858648,-1931999.758858648,-2206062.6513209417,-2206062.6513209417,-2206062.6513209417,0.0,0.0,0.0,45667646.465989694
117,2012-05-04,49818731.70631362,40888476.69425771,49533478.47900979,49818731.70631362,49818731.70631362,-4656455.702139192,-4656455.702139192,-4656455.702139192,-1931999.7588586477,-1931999.7588586477,-1931999.7588586477,-2724455.9432805437,-2724455.9432805437,-2724455.9432805437,0.0,0.0,0.0,45162276.004174426
118,2012-05-11,49831754.53645794,41951697.272868596,50284846.689526424,49831754.53645794,49831754.53645794,-3778961.618361763,-3778961.618361763,-3778961.618361763,-1931999.7588586477,-1931999.7588586477,-1931999.7588586477,-1846961.8595031153,-1846961.8595031153,-1846961.8595031153,0.0,0.0,0.0,46052792.91809618
119,2012-05-18,49844777.36660227,43044024.80407054,51821681.089342505,49844777.36660227,49844777.36660227,-2379644.5729234167,-2379644.5729234167,-2379644.5729234167,-1931999.7588586477,-1931999.7588586477,-1931999.7588586477,-447644.8140647688,-447644.8140647688,-447644.8140647688,0.0,0.0,0.0,47465132.79367886
120,2012-05-25,49857800.196746595,43638979.35309589,52983957.652089514,49857800.196746595,49857800.196746595,-1648640.6611111485,-1648640.6611111485,-1648640.6611111485,-1931999.758858648,-1931999.758858648,-1931999.758858648,283359.0977474993,283359.0977474993,283359.0977474993,0.0,0.0,0.0,48209159.53563545
121,2012-06-01,49870823.026890926,44095209.356206484,52419532.20776267,49870823.026890926,49870823.026890926,-1739572.7154566303,-1739572.7154566303,-1739572.7154566303,-1931999.758858648,-1931999.758858648,-1931999.758858648,192427.04340201765,192427.04340201765,192427.04340201765,0.0,0.0,0.0,48131250.3114343
122,2012-06-08,49883845.85703525,43496306.603497684,52108972.60532276,49883845.85703525,49883845.85703525,-1845324.4611164494,-1845324.4611164494,-1845324.4611164494,-1931999.7588586477,-1931999.7588586477,-1931999.7588586477,86675.29774219828,86675.29774219828,86675.29774219828,0.0,0.0,0.0,48038521.3959188
123,2012-06-15,49896868.68717958,43994416.8014573,52593183.93454388,49896868.68717958,49896868.68717958,-1441831.8923230378,-1441831.8923230378,-1441831.8923230378,-1931999.758858648,-1931999.758858648,-1931999.758858648,490167.86653561017,490167.86653561017,490167.86653561017,0.0,0.0,0.0,48455036.79485654
124,2012-06-22,49909891.5173239,44300555.21855737,53476635.23376212,49909891.5173239,49909891.5173239,-996712.6658226398,-996712.6658226398,-996712.6658226398,-1931999.758858648,-1931999.758858648,-1931999.758858648,935287.0930360082,935287.0930360082,935287.0930360082,0.0,0.0,0.0,48913178.851501256
125,2012-06-29,49922914.347468235,44608319.47233725,53154412.24014765,49922914.347468235,49922914.347468235,-1278656.8784591218,-1278656.8784591218,-1278656.8784591218,-1931999.7588586477,-1931999.7588586477,-1931999.7588586477,653342.880399526,653342.880399526,653342.880399526,0.0,0.0,0.0,48644257.46900912
126,2012-07-06,49935937.177612565,43069061.61382869,51944789.69870384,49935937.177612565,49935937.177612565,-2288871.964648528,-2288871.964648528,-2288871.964648528,-1931999.758858648,-1931999.758858648,-1931999.758858648,-356872.2057898802,-356872.2057898802,-356872.2057898802,0.0,0.0,0.0,47647065.212964036
127,2012-07-13,49948960.00775689,42707154.643362455,51152532.07456938,49948960.00775689,49948960.00775689,-3248400.54610626,-3248400.54610626,-3248400.54610626,-1931999.758858648,-1931999.758858648,-1931999.758858648,-1316400.7872476114,-1316400.7872476114,-1316400.7872476114,0.0,0.0,0.0,46700559.46165063
128,2012-07-20,49961982.83790122,41884639.12128464,50628628.23570264,49961982.83790122,49961982.83790122,-3570842.2309711417,-3570842.2309711417,-3570842.2309711417,-1931999.758858648,-1931999.758858648,-1931999.758858648,-1638842.4721124938,-1638842.4721124938,-1638842.4721124938,0.0,0.0,0.0,46391140.60693008
129,2012-07-27,49975005.668045536,42327325.48931695,50603300.481398694,49975005.668045536,49975005.668045536,-3447505.286072603,-3447505.286072603,-3447505.286072603,-1931999.7588586477,-1931999.7588586477,-1931999.7588586477,-1515505.5272139548,-1515505.5272139548,-1515505.5272139548,0.0,0.0,0.0,46527500.38197293
130,2012-08-03,49988028.498189874,42493320.35496265,50920486.36638054,49988028.498189874,49988028.498189874,-3318698.4993091077,-3318698.4993091077,-3318698.4993091077,-1931999.758858648,-1931999.758858648,-1931999.758858648,-1386698.7404504595,-1386698.7404504595,-1386698.7404504595,0.0,0.0,0.0,46669329.99888077
131,2012-08-10,50001051.32833419,42521694.84980536,50917129.54445625,50001051.32833419,50001051.32833419,-3126350.2508927323,-3126350.2508927323,-3126350.2508927323,-1931999.758858648,-1931999.758858648,-1931999.758858648,-1194350.4920340849,-1194350.4920340849,-1194350.4920340849,0.0,0.0,0.0,46874701.077441454
132,2012-08-17,50014074.15847852,42961173.38786447,51859843.33410792,50014074.15847852,50014074.15847852,-2530628.555458113,-2530628.555458113,-2530628.555458113,-1931999.758858648,-1931999.758858648,-1931999.758858648,-598628.7965994654,-598628.7965994654,-598628.7965994654,0.0,0.0,0.0,47483445.60302041
133,2012-08-24,50027096.988622844,43904659.51904484,52644492.183041945,50027096.988622844,50027096.988622844,-1797894.676372246,-1797894.676372246,-1797894.676372246,-1931999.758858648,-1931999.758858648,-1931999.758858648,134105.08248640219,134105.08248640219,134105.08248640219,0.0,0.0,0.0,48229202.3122506
134,2012-08-31,50040119.818767175,43788554.24514322,52620987.75013653,50040119.818767175,50040119.818767175,-1923515.8381227865,-1923515.8381227865,-1923515.8381227865,-1931999.758858648,-1931999.758858648,-1931999.758858648,8483.920735861582,8483.920735861582,8483.920735861582,0.0,0.0,0.0,48116603.98064439
135,2012-09-07,50053142.6489115,42044464.51526782,50823372.15405699,50053142.6489115,50053142.6489115,-3485776.8427268476,-3485776.8427268476,-3485776.8427268476,-1931999.758858648,-1931999.758858648,-1931999.758858648,-1553777.0838682,-1553777.0838682,-1553777.0838682,0.0,0.0,0.0,46567365.80618465
136,2012-09-14,50066165.47905583,40250461.46068809,48844242.36366971,50066165.47905583,50066165.47905583,-5608346.2366916,-5608346.2366916,-5608346.2366916,-1931999.758858648,-1931999.758858648,-1931999.758858648,-3676346.477832951,-3676346.477832951,-3676346.477832951,0.0,0.0,0.0,44457819.24236423
137,2012-09-21,50079188.30920015,38858245.40854997,47758573.525592186,50079188.30920015,50079188.30920015,-6600381.181553505,-6600381.181553505,-6600381.181553505,-1931999.758858648,-1931999.758858648,-1931999.758858648,-4668381.422694857,-4668381.422694857,-4668381.422694857,0.0,0.0,0.0,43478807.12764665
138,2012-09-28,50092211.13934448,40434503.84197327,48951783.93580337,50092211.13934448,50092211.13934448,-5798089.666538723,-5798089.666538723,-5798089.666538723,-1931999.758858648,-1931999.758858648,-1931999.758858648,-3866089.9076800747,-3866089.9076800747,-3866089.9076800747,0.0,0.0,0.0,44294121.47280576
139,2012-10-05,50105233.96948881,41461644.45958821,49938181.674253635,50105233.96948881,50105233.96948881,-4394543.407730031,-4394543.407730031,-4394543.407730031,-1931999.758858648,-1931999.758858648,-1931999.758858648,-2462543.6488713827,-2462543.6488713827,-2462543.6488713827,0.0,0.0,0.0,45710690.56175878
140,2012-10-12,50118256.79963314,41548653.61937645,50657296.57416006,50118256.79963314,50118256.79963314,-4058737.7127846195,-4058737.7127846195,-4058737.7127846195,-1931999.7588586477,-1931999.7588586477,-1931999.7588586477,-2126737.9539259723,-2126737.9539259723,-2126737.9539259723,0.0,0.0,0.0,46059519.08684852
141,2012-10-19,50131279.62977746,40859698.955288626,49780815.327148296,50131279.62977746,50131279.62977746,-4885051.20647347,-4885051.20647347,-4885051.20647347,-1931999.7588586477,-1931999.7588586477,-1931999.7588586477,-2953051.447614821,-2953051.447614821,-2953051.447614821,0.0,0.0,0.0,45246228.42330399
142,2012-10-26,50144302.45992179,40708326.115223676,49126684.35666772,50144302.45992179,50144302.45992179,-5216437.553318223,-5216437.553318223,-5216437.553318223,-1931999.7588586477,-1931999.7588586477,-1931999.7588586477,-3284437.794459574,-3284437.794459574,-3284437.794459574,0.0,0.0,0.0,44927864.90660357
143,2012-10-28,50148023.26853446,43120963.4078544,51352154.332332924,50148023.26853446,50148023.26853446,-2725873.193674647,-2725873.193674647,-2725873.193674647,321999.72647528513,321999.72647528513,321999.72647528513,-3047872.920149932,-3047872.920149932,-3047872.920149932,0.0,0.0,0.0,47422150.07485981
144,2012-11-04,50161046.09867878,44922877.35951089,54279957.920862004,50160794.8762866,50161255.4761084,-644313.0841209139,-644313.0841209139,-644313.0841209139,321999.7264761647,321999.7264761647,321999.7264761647,-966312.8105970786,-966312.8105970786,-966312.8105970786,0.0,0.0,0.0,49516733.01455787
145,2012-11-11,50174068.92882311,48272463.72311022,56817022.12592002,50173416.60260438,50174681.27908319,2271545.7316488037,2271545.7316488037,2271545.7316488037,321999.7264733807,321999.7264733807,321999.7264733807,1949546.0051754236,1949546.0051754236,1949546.0051754236,0.0,0.0,0.0,52445614.660471916
146,2012-11-18,50187091.75896744,50322050.09670732,58898531.363436036,50185839.914728895,50188224.17298044,4420938.512327978,4420938.512327978,4420938.512327978,321999.7264779236,321999.7264779236,321999.7264779236,4098938.7858500546,4098938.7858500546,4098938.7858500546,0.0,0.0,0.0,54608030.27129541
147,2012-11-25,50200114.58911177,51450073.62744686,60616090.6475396,50198235.791380316,50201851.94243221,5956236.839593308,5956236.839593308,5956236.839593308,321999.72647501435,321999.72647501435,321999.72647501435,5634237.113118293,5634237.113118293,5634237.113118293,0.0,0.0,0.0,56156351.428705074
148,2012-12-02,50213137.41925609,54556968.213006996,63001126.56196379,50210012.98959036,50215570.63262009,8646843.48150458,8646843.48150458,8646843.48150458,321999.72647589375,321999.72647589375,321999.72647589375,8324843.7550286865,8324843.7550286865,8324843.7550286865,0.0,0.0,0.0,58859980.90076067
149,2012-12-09,50226160.24940042,59094624.634966835,67722884.49122462,50221996.700705715,50229391.952827886,13120882.117078219,13120882.117078219,13120882.117078219,321999.72647311,321999.72647311,321999.72647311,12798882.390605109,12798882.390605109,12798882.390605109,0.0,0.0,0.0,63347042.36647864
150,2012-12-16,50239183.079544745,62804765.10420195,71739953.76832867,50234086.573847845,50243300.02515193,16808415.052941766,16808415.052941766,16808415.052941766,321999.72647752723,321999.72647752723,321999.72647752723,16486415.326464238,16486415.326464238,16486415.326464238,0.0,0.0,0.0,67047598.13248651
151,2012-12-23,50252205.909689076,61287601.98510123,70273260.75552711,50246240.10140099,50257372.565741986,15624012.304772776,15624012.304772776,15624012.304772776,321999.72647474357,321999.72647474357,321999.72647474357,15302012.578298032,15302012.578298032,15302012.578298032,0.0,0.0,0.0,65876218.21446185
152,2012-12-30,50265228.7398334,54330080.90330665,62880121.85854421,50258266.32405802,50271537.83326632,8191961.565182279,8191961.565182279,8191961.565182279,321999.7264756229,321999.7264756229,321999.7264756229,7869961.838706656,7869961.838706656,7869961.838706656,0.0,0.0,0.0,58457190.305015676
153,2013-01-06,50278251.56997773,44289446.62015415,52410337.5623083,50270191.22401436,50285579.28325011,-1911752.8917252873,-1911752.8917252873,-1911752.8917252873,321999.72647650243,321999.72647650243,321999.72647650243,-2233752.6182017894,-2233752.6182017894,-2233752.6182017894,0.0,0.0,0.0,48366498.67825244
154,2013-01-13,50291274.400122054,36834166.94538893,45912145.132210396,50282041.7163869,50299884.0510237,-8710503.115439666,-8710503.115439666,-8710503.115439666,321999.7264772564,321999.7264772564,321999.7264772564,-9032502.841916922,-9032502.841916922,-9032502.841916922,0.0,0.0,0.0,41580771.284682386
155,2013-01-20,50304297.230266385,36988808.21034173,45850964.87985106,50293696.031887025,50314063.58979941,-8885400.489532875,-8885400.489532875,-8885400.489532875,321999.7264744726,321999.7264744726,321999.7264744726,-9207400.216007346,-9207400.216007346,-9207400.216007346,0.0,0.0,0.0,41418896.74073351
156,2013-01-27,50317320.060410716,41601458.143671736,50342884.863938734,50305665.058565035,50328082.507320575,-4301803.645620726,-4301803.645620726,-4301803.645620726,321999.7264790156,321999.7264790156,321999.7264790156,-4623803.372099742,-4623803.372099742,-4623803.372099742,0.0,0.0,0.0,46015516.41478999
157,2013-02-03,50330342.89055504,46627941.5993651,55131410.815921366,50317209.733727075,50342444.653044544,321632.0087115164,321632.0087115164,321632.0087115164,321999.7264761061,321999.7264761061,321999.7264761061,-367.71776458982606,-367.71776458982606,-367.71776458982606,0.0,0.0,0.0,50651974.899266556
158,2013-02-10,50343365.72069937,47810230.31763045,56542296.1629322,50328726.05089502,50356112.7794379,1853857.4102783871,1853857.4102783871,1853857.4102783871,321999.72647319676,321999.72647319676,321999.72647319676,1531857.6838051905,1531857.6838051905,1531857.6838051905,0.0,0.0,0.0,52197223.13097776
159,2013-02-17,50356388.55084369,46641001.690041766,55499796.29162706,50339889.64981553,50370261.53370453,769284.491374707,769284.491374707,769284.491374707,321999.7264740762,321999.7264740762,321999.7264740762,447284.7649006308,447284.7649006308,447284.7649006308,0.0,0.0,0.0,51125673.0422184
160,2013-02-24,50369411.380988024,45537340.589084126,54080362.71622242,50351832.56169146,50384351.15983883,-639188.1784705778,-639188.1784705778,-639188.1784705778,321999.72647483007,321999.72647483007,321999.72647483007,-961187.904945408,-961187.904945408,-961187.904945408,0.0,0.0,0.0,49730223.20251745
161,2013-03-03,50382434.21113235,44839113.96354322,53593005.32824226,50363208.61514324,50398922.41541198,-1112644.1396931733,-1112644.1396931733,-1112644.1396931733,321999.72647570976,321999.72647570976,321999.72647570976,-1434643.8661688832,-1434643.8661688832,-1434643.8661688832,0.0,0.0,0.0,49269790.07143918
162,2013-03-10,50395457.04127668,44917503.70100533,53733462.3147249,50374411.83297326,50413536.0655336,-1136068.8702735258,-1136068.8702735258,-1136068.8702735258,321999.726472926,321999.726472926,321999.726472926,-1458068.5967464515,-1458068.5967464515,-1458068.5967464515,0.0,0.0,0.0,49259388.171003155
163,2013-03-17,50408479.871421,44761324.66564057,53366924.917271644,50386026.805462174,50428081.85625974,-1425224.7044877529,-1425224.7044877529,-1425224.7044877529,321999.72647746874,321999.72647746874,321999.72647746874,-1747224.4309652217,-1747224.4309652217,-1747224.4309652217,0.0,0.0,0.0,48983255.166933246
164,2013-03-24,50421502.70156533,44118081.1886119,53284039.727648094,50397239.76963671,50443116.74719122,-1681013.3928231916,-1681013.3928231916,-1681013.3928231916,321999.7264745593,321999.7264745593,321999.7264745593,-2003013.1192977508,-2003013.1192977508,-2003013.1192977508,0.0,0.0,0.0,48740489.30874214
165,2013-03-31,50434525.531709656,44649416.82066589,53455433.19204525,50408785.486592956,50457852.0537326,-1200182.0932255236,-1200182.0932255236,-1200182.0932255236,321999.72647543903,321999.72647543903,321999.72647543903,-1522181.8197009624,-1522181.8197009624,-1522181.8197009624,0.0,0.0,0.0,49234343.43848413
166,2013-04-07,50447548.36185399,45989904.455381155,54976346.73993517,50419865.82073005,50472524.92462952,-197182.77819823407,-197182.77819823407,-197182.77819823407,321999.72647631844,321999.72647631844,321999.72647631844,-519182.50467455253,-519182.50467455253,-519182.50467455253,0.0,0.0,0.0,50250365.58365575
167,2013-04-14,50460571.19199831,45998408.53268444,54706021.64021123,50430735.49348415,50487407.05702291,190918.25721387146,190918.25721387146,190918.25721387146,321999.72647707246,321999.72647707246,321999.72647707246,-131081.46926320103,-131081.46926320103,-131081.46926320103,0.0,0.0,0.0,50651489.44921218
168,2013-04-21,50473594.02214264,45330560.41237095,53909486.768780254,50441554.66185294,50502344.633844234,-677765.0171836708,-677765.0171836708,-677765.0171836708,321999.7264742885,321999.7264742885,321999.7264742885,-999764.7436579593,-999764.7436579593,-999764.7436579593,0.0,0.0,0.0,49795829.00495897
169,2013-04-28,50486616.852286965,44209157.74050902,53048059.90189721,50452434.87956164,50517723.726256125,-2001626.2615460772,-2001626.2615460772,-2001626.2615460772,321999.7264751681,321999.7264751681,321999.7264751681,-2323625.988021245,-2323625.988021245,-2323625.988021245,0.0,0.0,0.0,48484990.59074089
170,2013-05-05,50499639.682431296,43708200.4926791,52789796.211785905,50463073.935625084,50532491.272413075,-2370276.5974876857,-2370276.5974876857,-2370276.5974876857,321999.7264760476,321999.7264760476,321999.7264760476,-2692276.323963733,-2692276.323963733,-2692276.323963733,0.0,0.0,0.0,48129363.08494361
171,2013-05-12,50512662.51257563,44862375.37860712,53536074.11621467,50473497.218521826,50547023.33328435,-1375580.377680118,-1375580.377680118,-1375580.377680118,321999.72647680156,321999.72647680156,321999.72647680156,-1697580.1041569195,-1697580.1041569195,-1697580.1041569195,0.0,0.0,0.0,49137082.13489551
172,2013-05-19,50525685.34271995,46003680.92087289,54933833.58398734,50484492.38660547,50561965.968635306,-1143.5491914293148,-1143.5491914293148,-1143.5491914293148,321999.7264740177,321999.7264740177,321999.7264740177,-323143.27566544706,-323143.27566544706,-323143.27566544706,0.0,0.0,0.0,50524541.79352852
173,2013-05-26,50538708.17286428,46946451.43498316,55537007.5544671,50495679.87476272,50577545.88563753,625218.2978436436,625218.2978436436,625218.2978436436,321999.72647843516,321999.72647843516,321999.72647843516,303218.57136520854,303218.57136520854,303218.57136520854,0.0,0.0,0.0,51163926.47070792
174,2013-06-02,50551731.0030086,46702015.25925961,55160109.387137376,50506827.48605779,50593227.58764446,487434.95586292585,487434.95586292585,487434.95586292585,321999.7264755257,321999.7264755257,321999.7264755257,165435.22938740012,165435.22938740012,165435.22938740012,0.0,0.0,0.0,51039165.95887152
175,2013-06-09,50564753.833152935,46722348.97844647,55097880.50703412,50517477.824894026,50608407.20942069,427718.88504368067,427718.88504368067,427718.88504368067,321999.72647274175,321999.72647274175,321999.72647274175,105719.15857093886,105719.15857093886,105719.15857093886,0.0,0.0,0.0,50992472.718196616
176,2013-06-16,50577776.66329725,46883525.947781004,55705976.77513991,50528396.10127588,50623444.74536184,873384.0124154444,873384.0124154444,873384.0124154444,321999.7264772848,321999.7264772848,321999.7264772848,551384.2859381594,551384.2859381594,551384.2859381594,0.0,0.0,0.0,51451160.6757127
177,2013-06-23,50590799.49344159,47184599.34721209,56382242.92190247,50540062.94571402,50639553.57345291,1270820.4445541855,1270820.4445541855,1270820.4445541855,321999.72647437535,321999.72647437535,321999.72647437535,948820.71807981,948820.71807981,948820.71807981,0.0,0.0,0.0,51861619.93799578
178,2013-06-30,50603822.323585905,47271716.10221045,56016645.89811862,50550653.202323,50655305.50239987,892126.9390330471,892126.9390330471,892126.9390330471,321999.72647525487,321999.72647525487,321999.72647525487,570127.2125577922,570127.2125577922,570127.2125577922,0.0,0.0,0.0,51495949.26261895
179,2013-07-07,50616845.153730236,46021112.21084274,54668714.84498489,50561967.77652826,50670071.916188814,-155920.1803714836,-155920.1803714836,-155920.1803714836,321999.72647247097,321999.72647247097,321999.72647247097,-477919.90684395446,-477919.90684395446,-477919.90684395446,0.0,0.0,0.0,50460924.97335875
180,2013-07-14,50629867.98387456,45419237.52737669,53903304.485226594,50572417.911688186,50685782.92780378,-1062439.3094354474,-1062439.3094354474,-1062439.3094354474,321999.7264770139,321999.7264770139,321999.7264770139,-1384439.0359124616,-1384439.0359124616,-1384439.0359124616,0.0,0.0,0.0,49567428.67443911
181,2013-07-21,50642890.81401889,45018449.043515526,53706729.604669236,50583433.49801875,50702326.86324492,-1315829.672171635,-1315829.672171635,-1315829.672171635,321999.7264741045,321999.7264741045,321999.7264741045,-1637829.3986457395,-1637829.3986457395,-1637829.3986457395,0.0,0.0,0.0,49327061.14184725
182,2013-07-28,50655913.64416321,45295494.4001245,53715222.54247702,50594005.53912826,50717423.66013426,-1175458.081555325,-1175458.081555325,-1175458.081555325,321999.7264749839,321999.7264749839,321999.7264749839,-1497457.8080303092,-1497457.8080303092,-1497457.8080303092,0.0,0.0,0.0,49480455.56260789
183,2013-08-04,50668936.474307545,45297341.864335924,54081841.679640256,50604841.35921856,50732378.00942098,-1053717.688218828,-1053717.688218828,-1053717.688218828,321999.72647586366,321999.72647586366,321999.72647586366,-1375717.4146946915,-1375717.4146946915,-1375717.4146946915,0.0,0.0,0.0,49615218.78608872
184,2013-08-11,50681959.30445187,45750422.137808934,54194251.59122113,50615704.71690398,50748028.52061962,-831004.8304538255,-831004.8304538255,-831004.8304538255,321999.72647661756,321999.72647661756,321999.72647661756,-1153004.556930443,-1153004.556930443,-1153004.556930443,0.0,0.0,0.0,49850954.47399804
185,2013-08-18,50694982.1345962,46027739.30388487,54791310.55802058,50627034.17693076,50764526.00825736,-190884.72911488859,-190884.72911488859,-190884.72911488859,321999.72647383367,321999.72647383367,321999.72647383367,-512884.45558872225,-512884.45558872225,-512884.45558872225,0.0,0.0,0.0,50504097.40548131
186,2013-08-25,50708004.96474052,47076383.50836745,55683145.614638224,50637872.27620075,50780925.5120397,502813.7030696958,502813.7030696958,502813.7030696958,321999.72647837654,321999.72647837654,321999.72647837654,180813.97659131925,180813.97659131925,180813.97659131925,0.0,0.0,0.0,51210818.66781022
187,2013-09-01,50721027.79488485,46390603.574104324,55467045.77545582,50648481.65558322,50797204.53449889,229722.74038181722,229722.74038181722,229722.74038181722,321999.72647559276,321999.72647559276,321999.72647559276,-92276.98609377553,-92276.98609377553,-92276.98609377553,0.0,0.0,0.0,50950750.53526667
188,2013-09-08,50734050.62502918,44694907.45744215,53827975.30926414,50658834.874094985,50813840.073406115,-1461267.8931095968,-1461267.8931095968,-1461267.8931095968,321999.7264762213,321999.7264762213,321999.7264762213,-1783267.6195858181,-1783267.6195858181,-1783267.6195858181,0.0,0.0,0.0,49272782.73191958
189,2013-09-15,50747073.45517351,43072603.78501618,51297039.319069564,50669579.13090742,50829504.115442336,-3541455.267095463,-3541455.267095463,-3541455.267095463,321999.7264734372,321999.7264734372,321999.7264734372,-3863454.9935689,-3863454.9935689,-3863454.9935689,0.0,0.0,0.0,47205618.188078046
190,2013-09-22,50760096.28531784,42109644.71204113,50722036.374420024,50681254.99371445,50845126.015069515,-4339440.353061793,-4339440.353061793,-4339440.353061793,321999.72647798026,321999.72647798026,321999.72647798026,-4661440.079539773,-4661440.079539773,-4661440.079539773,0.0,0.0,0.0,46420655.93225604
191,2013-09-29,50773119.11546216,43180405.652823135,51660756.2170619,50691339.45612894,50859762.92150341,-3388770.6661843383,-3388770.6661843383,-3388770.6661843383,321999.72647507093,321999.72647507093,321999.72647507093,-3710770.392659409,-3710770.392659409,-3710770.392659409,0.0,0.0,0.0,47384348.449277826
192,2013-10-06,50786141.94560649,44458785.34763644,53168214.12353334,50701943.78348637,50874751.61767823,-2033362.4512824586,-2033362.4512824586,-2033362.4512824586,321999.7264722869,321999.7264722869,321999.7264722869,-2355362.177754746,-2355362.177754746,-2355362.177754746,0.0,0.0,0.0,48752779.494324036
193,2013-10-13,50799164.775750816,44554729.49487723,53352138.4126718,50713535.42459296,50890155.968846984,-1856809.308343293,-1856809.308343293,-1856809.308343293,321999.7264768299,321999.7264768299,321999.7264768299,-2178809.0348201226,-2178809.0348201226,-2178809.0348201226,0.0,0.0,0.0,48942355.467407525
194,2013-10-20,50812187.60589515,43528877.7569646,52569501.93500839,50724442.545887485,50906760.87452819,-2726072.8234466836,-2726072.8234466836,-2726072.8234466836,321999.7264739203,321999.7264739203,321999.7264739203,-3048072.5499206036,-3048072.5499206036,-3048072.5499206036,0.0,0.0,0.0,48086114.78244846
195,2013-10-27,50825210.43603947,43761482.69362531,52419043.77942946,50735162.77486459,50922125.3529858,-2894188.053855237,-2894188.053855237,-2894188.053855237,321999.7264747999,321999.7264747999,321999.7264747999,-3216187.7803300363,-3216187.7803300363,-3216187.7803300363,0.0,0.0,0.0,47931022.38218423
196,2013-11-03,50838233.2661838,45345298.075668044,53922074.45276811,50744342.077315524,50937322.27033671,-1130485.1062487112,-1130485.1062487112,-1130485.1062487112,321999.7264756797,321999.7264756797,321999.7264756797,-1452484.8327243908,-1452484.8327243908,-1452484.8327243908,0.0,0.0,0.0,49707748.15993509
197,2013-11-10,50851256.096328124,48450656.66053428,56909449.630414166,50754341.73987465,50952607.23326734,1774464.6806301493,1774464.6806301493,1774464.6806301493,321999.72647655907,321999.72647655907,321999.72647655907,1452464.9541535904,1452464.9541535904,1452464.9541535904,0.0,0.0,0.0,52625720.77695827
198,2013-11-17,50864278.926472455,50582604.86222937,59398495.40741281,50764402.88356896,50967882.13273087,4117900.1473600534,4117900.1473600534,4117900.1473600534,321999.72647364956,321999.72647364956,321999.72647364956,3795900.4208864034,3795900.4208864034,3795900.4208864034,0.0,0.0,0.0,54982179.07383251
199,2013-11-24,50877301.75661678,52285461.1000702,60996748.80350232,50774464.02726326,50985321.743922815,5652581.50165711,5652581.50165711,5652581.50165711,321999.72647452913,321999.72647452913,321999.72647452913,5330581.775182582,5330581.775182582,5330581.775182582,0.0,0.0,0.0,56529883.258273885
200,2013-12-01,50890324.58676111,54252348.691624135,63179781.7849065,50784959.359841175,51001401.14359029,8015290.579693783,8015290.579693783,8015290.579693783,321999.72647540877,321999.72647540877,321999.72647540877,7693290.853218374,7693290.853218374,7693290.853218374,0.0,0.0,0.0,58905615.1664549
201,2013-12-08,50903347.41690543,58150252.57806834,67341009.20746846,50795345.09876299,51017273.67081068,12264791.971131371,12264791.971131371,12264791.971131371,321999.7264761628,321999.7264761628,321999.7264761628,11942792.244655207,11942792.244655207,11942792.244655207,0.0,0.0,0.0,63168139.3880368
202,2013-12-15,50916370.247049764,62930110.29167782,71381171.20323043,50806107.15146877,51033486.23043015,16400166.494148443,16400166.494148443,16400166.494148443,321999.7264732532,321999.7264732532,321999.7264732532,16078166.767675187,16078166.767675187,16078166.767675187,0.0,0.0,0.0,67316536.74119821
203,2013-12-22,50929393.07719409,62389918.52950725,71490904.86122383,50815985.09113923,51049300.23987734,16318424.945672477,16318424.945672477,16318424.945672477,321999.72647779615,321999.72647779615,321999.72647779615,15996425.21919468,15996425.21919468,15996425.21919468,0.0,0.0,0.0,67247818.02286656
204,2013-12-29,50942415.90733842,56426597.350680806,65438567.577793226,50825237.70166012,51064918.86873202,9876719.386246452,9876719.386246452,9876719.386246452,321999.7264748867,321999.7264748867,321999.7264748867,9554719.659771563,9554719.659771563,9554719.659771563,0.0,0.0,0.0,60819135.29358487
205,2014-01-05,50955438.73748274,46364326.81270135,55362589.21605093,50835623.85591405,51080410.27242156,-184448.41210923533,-184448.41210923533,-184448.41210923533,321999.72647576634,321999.72647576634,321999.72647576634,-506448.1385850016,-506448.1385850016,-506448.1385850016,0.0,0.0,0.0,50770990.32537351
206,2014-01-12,50968461.56762707,38776443.96407012,47576402.67196149,50845826.75912511,51096707.543961056,-7953528.159624483,-7953528.159624483,-7953528.159624483,321999.7264766459,321999.7264766459,321999.7264766459,-8275527.886101128,-8275527.886101128,-8275527.886101128,0.0,0.0,0.0,43014933.408002585
207,2014-01-19,50981484.397771396,37426654.486664005,45856519.23480753,50855990.55485008,51112540.897340685,-9319252.20647541,-9319252.20647541,-9319252.20647541,321999.7264775253,321999.7264775253,321999.7264775253,-9641251.932952935,-9641251.932952935,-9641251.932952935,0.0,0.0,0.0,41662232.19129598
208,2014-01-26,50994507.22791573,41539566.22142319,50131398.921135984,50865446.19628519,51128672.53128159,-5262007.357121192,-5262007.357121192,-5262007.357121192,321999.726474616,321999.726474616,321999.726474616,-5584007.083595809,-5584007.083595809,-5584007.083595809,0.0,0.0,0.0,45732499.870794535
209,2014-02-02,51007530.05806006,46112686.55410008,55129931.026954085,50875254.750703245,51144563.45861342,-320252.9997082538,-320252.9997082538,-320252.9997082538,321999.72647183196,321999.72647183196,321999.72647183196,-642252.7261800859,-642252.7261800859,-642252.7261800859,0.0,0.0,0.0,50687277.05835181
210,2014-02-09,51020552.88820438,47921817.42959919,57308138.67844473,50885518.004247986,51161151.44789814,1827749.15280713,1827749.15280713,1827749.15280713,321999.7264763751,321999.7264763751,321999.7264763751,1505749.426330755,1505749.426330755,1505749.426330755,0.0,0.0,0.0,52848302.04101151
211,2014-02-16,51033575.71834871,47632012.50844497,56482320.05689855,50894846.79546546,51177613.788569614,1052402.8973473655,1052402.8973473655,1052402.8973473655,321999.72647346556,321999.72647346556,321999.72647346556,730403.1708738998,730403.1708738998,730403.1708738998,0.0,0.0,0.0,52085978.61569608
212,2014-02-23,51046598.548493035,46253073.372033514,54782844.31056113,50904584.457902774,51194110.84743373,-446962.2581712633,-446962.2581712633,-446962.2581712633,321999.72647434514,321999.72647434514,321999.72647434514,-768961.9846456083,-768961.9846456083,-768961.9846456083,0.0,0.0,0.0,50599636.290321775
213,2014-03-02,51059621.378637366,45447849.5899707,54496184.06197516,50914292.37399622,51210566.55279666,-1089563.7620683045,-1089563.7620683045,-1089563.7620683045,321999.72647522454,321999.72647522454,321999.72647522454,-1411563.4885435288,-1411563.4885435288,-1411563.4885435288,0.0,0.0,0.0,49970057.616569065
214,2014-03-09,51072644.20878169,45542429.75086675,54706483.19179513,50924181.063377626,51227649.50812588,-1122162.8240173561,-1122162.8240173561,-1122162.8240173561,321999.72647610406,321999.72647610406,321999.72647610406,-1444162.5504934601,-1444162.5504934601,-1444162.5504934601,0.0,0.0,0.0,49950481.384764336
215,2014-03-16,51085667.03892602,45157296.87392389,54437869.928780586,50934699.84892368,51243157.29233517,-1353892.375025562,-1353892.375025562,-1353892.375025562,321999.72647319466,321999.72647319466,321999.72647319466,-1675892.1014987566,-1675892.1014987566,-1675892.1014987566,0.0,0.0,0.0,49731774.66390046
216,2014-03-23,51098689.86907034,44797816.00346956,54182687.28735612,50944820.56221261,51259870.508099854,-1675206.9710351771,-1675206.9710351771,-1675206.9710351771,321999.7264777377,321999.7264777377,321999.7264777377,-1997206.6975129147,-1997206.6975129147,-1997206.6975129147,0.0,0.0,0.0,49423482.89803517
217,2014-03-30,51111712.699214675,45434864.15696519,54312739.09214021,50954933.518080406,51275674.429844216,-1347941.021531672,-1347941.021531672,-1347941.021531672,321999.72647482815,321999.72647482815,321999.72647482815,-1669940.7480065,-1669940.7480065,-1669940.7480065,0.0,0.0,0.0,49763771.677683
218,2014-04-06,51124735.52935899,46337655.85351049,55043374.80505928,50965306.18757858,51292465.26290013,-367114.34936985886,-367114.34936985886,-367114.34936985886,321999.72647558217,321999.72647558217,321999.72647558217,-689114.075845441,-689114.075845441,-689114.075845441,0.0,0.0,0.0,50757621.17998913
219,2014-04-13,51137758.35950333,46974596.805593066,55761312.13972518,50975271.91452888,51308569.94672527,213265.13760971642,213265.13760971642,213265.13760971642,321999.7264764616,321999.7264764616,321999.7264764616,-108734.58886674534,-108734.58886674534,-108734.58886674534,0.0,0.0,0.0,51351023.49711304
220,2014-04-20,51150781.189647645,46301384.00681243,54975664.52217841,50984821.14161156,51325914.29963645,-448759.4745273651,-448759.4745273651,-448759.4745273651,321999.7264773414,321999.7264773414,321999.7264773414,-770759.2010047064,-770759.2010047064,-770759.2010047064,0.0,0.0,0.0,50702021.71512028
221,2014-04-27,51163804.019791976,44622637.19252681,53703299.09233309,50993688.202357605,51341680.12150903,-1799757.0782484536,-1799757.0782484536,-1799757.0782484536,321999.7264744318,321999.7264744318,321999.7264744318,-2121756.804722885,-2121756.804722885,-2121756.804722885,0.0,0.0,0.0,49364046.94154352
222,2014-05-04,51176826.8499363,44749266.718637586,53233148.88875234,51003425.0155006,51358764.45933768,-2414115.519847211,-2414115.519847211,-2414115.519847211,321999.7264753114,321999.7264753114,321999.7264753114,-2736115.246322522,-2736115.246322522,-2736115.246322522,0.0,0.0,0.0,48762711.330089085
223,2014-05-11,51189849.68008063,45265337.04567944,53964788.417022415,51012758.70464771,51377037.349233516,-1621149.2413220587,-1621149.2413220587,-1621149.2413220587,321999.726476191,321999.726476191,321999.726476191,-1943148.9677982498,-1943148.9677982498,-1943148.9677982498,0.0,0.0,0.0,49568700.438758574
224,2014-05-18,51202872.51022495,46431547.50465204,55562333.357479475,51022965.12064468,51394325.15083156,-213650.0903323418,-213650.0903323418,-213650.0903323418,321999.7264770706,321999.7264770706,321999.7264770706,-535649.8168094122,-535649.8168094122,-535649.8168094122,0.0,0.0,0.0,50989222.41989261
225,2014-05-25,51215895.340369284,47239140.073133215,55884431.1129799,51032781.49698354,51410238.444451354,586312.030786411,586312.030786411,586312.030786411,321999.726474161,321999.726474161,321999.726474161,264312.30431225,264312.30431225,264312.30431225,0.0,0.0,0.0,51802207.371155694
226,2014-06-01,51228918.17051361,47100512.87172553,55671975.155310184,51042050.3921809,51427941.63328813,532603.3324114179,532603.3324114179,532603.3324114179,321999.7264787039,321999.7264787039,321999.7264787039,210603.6059327139,210603.6059327139,210603.6059327139,0.0,0.0,0.0,51761521.50292502
227,2014-06-08,51241941.00065794,47111007.40880929,56228863.89781257,51051640.25552469,51444083.52388389,399876.80908738717,399876.80908738717,399876.80908738717,321999.72647592,321999.72647592,321999.72647592,77877.08261146715,77877.08261146715,77877.08261146715,0.0,0.0,0.0,51641817.80974533
228,2014-06-15,51254963.83080227,47764127.04790067,56276500.97304719,51060778.36136947,51459794.21524679,771741.4220333252,771741.4220333252,771741.4220333252,321999.72647301055,321999.72647301055,321999.72647301055,449741.6955603146,449741.6955603146,449741.6955603146,0.0,0.0,0.0,52026705.252835594
229,2014-06-22,51267986.66094659,48291525.160516046,56916750.353340045,51070049.42988606,51476749.490441956,1243082.8868834698,1243082.8868834698,1243082.8868834698,321999.7264775537,321999.7264775537,321999.7264775537,921083.1604059163,921083.1604059163,921083.1604059163,0.0,0.0,0.0,52511069.54783006
230,2014-06-29,51281009.49109092,47793908.51875959,56721821.079934485,51079504.50294087,51494983.940544985,1025719.2329769342,1025719.2329769342,1025719.2329769342,321999.7264747697,321999.7264747697,321999.7264747697,703719.5065021645,703719.5065021645,703719.5065021645,0.0,0.0,0.0,52306728.72406786
231,2014-07-06,51294032.32123525,46934137.21917592,55834707.15606089,51089111.40484189,51511171.97852287,46361.176287095805,46361.176287095805,46361.176287095805,321999.72647564916,321999.72647564916,321999.72647564916,-275638.5501885534,-275638.5501885534,-275638.5501885534,0.0,0.0,0.0,51340393.49752234
232,2014-07-13,51307055.15137958,45968465.03609657,54863654.589869514,51098369.039590366,51528215.56302001,-944452.0804037076,-944452.0804037076,-944452.0804037076,321999.7264726142,321999.7264726142,321999.7264726142,-1266451.8068763218,-1266451.8068763218,-1266451.8068763218,0.0,0.0,0.0,50362603.07097587
233,2014-07-20,51320077.9815239,45361843.45790711,54212414.1983536,51107378.67736972,51543772.86495983,-1314567.2311879569,-1314567.2311879569,-1314567.2311879569,321999.7264771572,321999.7264771572,321999.7264771572,-1636566.9576651137,-1636566.9576651137,-1636566.9576651137,0.0,0.0,0.0,50005510.75033595
234,2014-07-27,51333100.81166823,45916666.504872665,54780528.87783198,51116692.552149676,51560173.519856565,-1205877.6726857952,-1205877.6726857952,-1205877.6726857952,321999.72647437337,321999.72647437337,321999.72647437337,-1527877.3991601684,-1527877.3991601684,-1527877.3991601684,0.0,0.0,0.0,50127223.13898244
235,2014-08-03,51346123.641812555,45800487.315098375,54556898.96176049,51125814.981417544,51576401.419255875,-1071796.635231699,-1071796.635231699,-1071796.635231699,321999.7264751274,321999.7264751274,321999.7264751274,-1393796.3617068266,-1393796.3617068266,-1393796.3617068266,0.0,0.0,0.0,50274327.00658086
236,2014-08-10,51359146.47195689,45897429.330866896,54954023.757995635,51134959.9316715,51591929.01574849,-896936.8989876526,-896936.8989876526,-896936.8989876526,321999.72647600685,321999.72647600685,321999.72647600685,-1218936.6254636594,-1218936.6254636594,-1218936.6254636594,0.0,0.0,0.0,50462209.572969235
237,2014-08-17,51372169.30210121,46754888.294488035,55461906.728753775,51144104.881925434,51607235.55093307,-332476.9281224797,-332476.9281224797,-332476.9281224797,321999.7264768863,321999.7264768863,321999.7264768863,-654476.6545993661,-654476.6545993661,-654476.6545993661,0.0,0.0,0.0,51039692.37397873
238,2014-08-24,51385192.13224554,47208867.54586727,56139800.07301311,51152916.831095956,51623543.46165723,419178.05975414516,419178.05975414516,419178.05975414516,321999.726473977,321999.726473977,321999.726473977,97178.33328016823,97178.33328016823,97178.33328016823,0.0,0.0,0.0,51804370.19199969
239,2014-08-31,51398214.962389864,47386078.087816976,56255606.74400729,51161205.77544387,51639176.32480924,387585.5177507557,387585.5177507557,387585.5177507557,321999.72647851997,321999.72647851997,321999.72647851997,65585.7912722358,65585.7912722358,65585.7912722358,0.0,0.0,0.0,51785800.48014062
240,2014-09-07,51411237.792534195,45804677.679742694,54724724.42384797,51170683.52268965,51654665.26867767,-1082767.426203818,-1082767.426203818,-1082767.426203818,321999.7264757359,321999.7264757359,321999.7264757359,-1404767.1526795542,-1404767.1526795542,-1404767.1526795542,0.0,0.0,0.0,50328470.36633038
241,2014-09-14,51424260.62267852,43652592.40073585,52685739.92911678,51179148.02182856,51671637.87789094,-3221646.406144257,-3221646.406144257,-3221646.406144257,321999.7264766155,321999.7264766155,321999.7264766155,-3543646.1326208734,-3543646.1326208734,-3543646.1326208734,0.0,0.0,0.0,48202614.216534264
242,2014-09-21,51437283.45282285,42635899.2711553,51336931.37294233,51188282.531521484,51686590.10988685,-4338418.857861878,-4338418.857861878,-4338418.857861878,321999.72647370613,321999.72647370613,321999.72647370613,-4660418.584335585,-4660418.584335585,-4660418.584335585,0.0,0.0,0.0,47098864.59496097
243,2014-09-28,51450306.28296718,42944722.36865496,51944338.71515655,51197013.222039066,51702518.76575922,-3643642.682009934,-3643642.682009934,-3643642.682009934,321999.7264782491,321999.7264782491,321999.7264782491,-3965642.408488183,-3965642.408488183,-3965642.408488183,0.0,0.0,0.0,47806663.600957245
244,2014-10-05,51463329.1131115,44801556.03517216,53630643.12340417,51204837.736733556,51719084.28052478,-2219897.5434824037,-2219897.5434824037,-2219897.5434824037,321999.7264754653,321999.7264754653,321999.7264754653,-2541897.269957869,-2541897.269957869,-2541897.269957869,0.0,0.0,0.0,49243431.5696291
245,2014-10-12,51476351.943255834,44899290.02943561,54100253.55263608,51213622.60661436,51735854.744379975,-1778469.7200505242,-1778469.7200505242,-1778469.7200505242,321999.7264725557,321999.7264725557,321999.7264725557,-2100469.44652308,-2100469.44652308,-2100469.44652308,0.0,0.0,0.0,49697882.22320531
246,2014-10-19,51489374.77340016,44649205.08092582,53256667.66382039,51222927.45713254,51753595.466203764,-2564219.95854414,-2564219.95854414,-2564219.95854414,321999.72647697316,321999.72647697316,321999.72647697316,-2886219.685021114,-2886219.685021114,-2886219.685021114,0.0,0.0,0.0,48925154.814856015
